CHI;Ruling Cabinet - Start;Name;Start Year;End Year;Retirement Year;Ideology;Personality;Loyalty;Picturename;X
;Replacements;;;;;;;;;X
55200;Head of State;Tang Jiyao;1913;1927;1927;PA;Autocratic Charmer;High;9457;X
55201;Head of Government;Ren Kecheng;1914;1933;1933;PA;Silent Workhorse;High;9458;X
55202;Foreign Minister;Long Jinguang;1913;1930;1930;PA;General Staffer;High;9459;X
55203;Minister of Armament;Ren Kecheng;1913;1933;1933;PA;Military Entrepreneur;Medium;9458;X
55204;Minister of Security;Tang Jiyao;1913;1927;1927;PA;Man of the People;Medium;9457;X
55205;Head of Military Intelligence;Tang Jiyao;1913;1927;1927;PA;Political Specialist;Medium;9457;X
55206;Chief of Staff;Tang Jiyao;1913;1927;1927;PA;School of Psychology;High;9457;X
55207;Chief of Army;Long Jinguang;1913;1930;1930;PA;Decisive Battle Doctrine;Medium;9459;X
55208;Chief of Navy;Ren Kecheng;1914;1933;1933;PA;Open Seas Doctrine;Medium;9458;X
55209;Chief of Air Force;Tang Jiyao;1913;1927;1927;PA;Army Aviation Doctrine;Medium;9457;X
55210;Head of State;Cai E;1900;1917;1917;SC;Cai E;High;9460;X
55211;Head of Government;Zhou Zhongyue;1915;1930;1930;SC;Naive Optimist;High;9461;X
55212;Foreign Minister;Cai E;1900;1917;1917;SC;Ideological Crusader;Medium;9460;X
55213;Minister of Armament;Zhou Zhongyue;1915;1930;1930;SC;Laissez-Faire Capitalist;Medium;9461;X
55214;Minister of Security;Liang Qichao;1895;1918;1918;ML;Compassionate Gentleman;Medium;9462;X
55215;Head of Military Intelligence;Li Liejun;1908;1946;1946;SC;Dismal Enigma;Medium;9463;X
55216;Chief of Staff;Cai E;1900;1917;1917;SC;School of Mass Combat;Medium;9460;X
55218;Chief of Navy;Li Dingxin;1886;1930;1930;PA;Decisive Naval Battle Doctrine;High;9464;X
55219;Head of Government;Tang Jiyao;1913;1927;1927;PA;Old General;High;9457;X
55220;Chief of Army;Tang Jiyao;1913;1927;1927;PA;Decisive Battle Doctrine;Medium;9457;X
55221;Head of State;Long Jinguang;1916;1930;1930;PA;Resigned Generalissimo;High;9459;X
55222;Head of Government;Gu Pinzhen;1921;1933;1933;PA;Silent Workhorse;High;9465;X
55223;Chief of Staff;Luo Peijin;1909;1923;1923;PA;School of Fire Support;High;9551;X
55224;Chief of Staff;Wang Jiuling;1911;1927;1952;SC;School of Fire Support;Medium;9410;X
55225;Minister of Armament;Wang Jiuling;1911;1927;1952;SC;Theoretical Scientist;Medium;9410;X
55300;Head of State;Sun Zhongshan;1895;1926;1926;SL;Sun Zhongshan_1;High;9511;X
55301;Head of Government;Sun Zhongshan;1895;1926;1926;SL;Sun Zhongshan_2;High;9511;X
55302;;;1936;1970;1999;;Generic;High;;X
55303;;;1936;1970;1999;;Generic;High;;X
55304;;;1936;1970;1999;;Generic;High;;X
55305;;;1936;1970;1999;;Generic;High;;X
55306;;;1936;1970;1999;;Generic;High;;X
55307;;;1936;1970;1999;;Generic;High;;X
55308;;;1936;1970;1999;;Generic;High;;X
55309;;;1936;1970;1999;;Generic;High;;X
55310;;;1936;1970;1999;;Generic;High;;X
55311;;;1936;1970;1999;;Generic;High;;X
55312;;;1936;1970;1999;;Generic;High;;X
55313;;;1936;1970;1999;;Generic;High;;X
55314;;;1936;1970;1999;;Generic;High;;X
55315;;;1936;1970;1999;;Generic;High;;X
55316;;;1936;1970;1999;;Generic;High;;X
55317;;;1936;1970;1999;;Generic;High;;X
55318;;;1936;1970;1999;;Generic;High;;X
55319;;;1936;1970;1999;;Generic;High;;X
55320;;;1936;1970;1999;;Generic;High;;X
55321;;;1936;1970;1999;;Generic;High;;X
55322;;;1936;1970;1999;;Generic;High;;X
55323;;;1936;1970;1999;;Generic;High;;X
55324;;;1936;1970;1999;;Generic;High;;X
55325;;;1936;1970;1999;;Generic;High;;X
55326;;;1936;1970;1999;;Generic;High;;X
55327;;;1936;1970;1999;;Generic;High;;X
55328;;;1936;1970;1999;;Generic;High;;X
55329;;;1936;1970;1999;;Generic;High;;X
55330;;;1936;1970;1999;;Generic;High;;X
55331;;;1936;1970;1999;;Generic;High;;X
55332;;;1936;1970;1999;;Generic;High;;X
55333;;;1936;1970;1999;;Generic;High;;X
55334;;;1936;1970;1999;;Generic;High;;X
55335;;;1936;1970;1999;;Generic;High;;X
55336;;;1936;1970;1999;;Generic;High;;X
55337;;;1936;1970;1999;;Generic;High;;X
55338;;;1936;1970;1999;;Generic;High;;X
55339;;;1936;1970;1999;;Generic;High;;X
55340;;;1936;1970;1999;;Generic;High;;X
55341;;;1936;1970;1999;;Generic;High;;X
55342;;;1936;1970;1999;;Generic;High;;X
55343;;;1936;1970;1999;;Generic;High;;X
55344;;;1936;1970;1999;;Generic;High;;X
55345;;;1936;1970;1999;;Generic;High;;X
55346;;;1936;1970;1999;;Generic;High;;X
55347;;;1936;1970;1999;;Generic;High;;X
55348;;;1936;1970;1999;;Generic;High;;X
55349;;;1936;1970;1999;;Generic;High;;X
55350;;;1936;1970;1999;;Generic;High;;X
55351;;;1936;1970;1999;;Generic;High;;X
55352;;;1936;1970;1999;;Generic;High;;X
55353;;;1936;1970;1999;;Generic;High;;X
55354;;;1936;1970;1999;;Generic;High;;X
55355;;;1936;1970;1999;;Generic;High;;X
55356;;;1936;1970;1999;;Generic;High;;X
55357;;;1936;1970;1999;;Generic;High;;X
55358;;;1936;1970;1999;;Generic;High;;X
55359;;;1936;1970;1999;;Generic;High;;X
55360;;;1936;1970;1999;;Generic;High;;X
55361;;;1936;1970;1999;;Generic;High;;X
55362;;;1936;1970;1999;;Generic;High;;X
55363;;;1936;1970;1999;;Generic;High;;X
55364;;;1936;1970;1999;;Generic;High;;X
55365;;;1936;1970;1999;;Generic;High;;X
55366;;;1936;1970;1999;;Generic;High;;X
55367;;;1936;1970;1999;;Generic;High;;X
55368;;;1936;1970;1999;;Generic;High;;X
55369;;;1936;1970;1999;;Generic;High;;X
55370;;;1936;1970;1999;;Generic;High;;X
55371;;;1936;1970;1999;;Generic;High;;X
55372;;;1936;1970;1999;;Generic;High;;X
55373;;;1936;1970;1999;;Generic;High;;X
55374;;;1936;1970;1999;;Generic;High;;X
55375;;;1936;1970;1999;;Generic;High;;X
55376;;;1936;1970;1999;;Generic;High;;X
55377;;;1936;1970;1999;;Generic;High;;X
55378;;;1936;1970;1999;;Generic;High;;X
55379;;;1936;1970;1999;;Generic;High;;X
55380;;;1936;1970;1999;;Generic;High;;X
55381;;;1936;1970;1999;;Generic;High;;X
55382;;;1936;1970;1999;;Generic;High;;X
55383;;;1936;1970;1999;;Generic;High;;X
55384;;;1936;1970;1999;;Generic;High;;X
55385;;;1936;1970;1999;;Generic;High;;X
55386;;;1936;1970;1999;;Generic;High;;X
55387;;;1936;1970;1999;;Generic;High;;X
55388;;;1936;1970;1999;;Generic;High;;X
55389;;;1936;1970;1999;;Generic;High;;X
55390;;;1936;1970;1999;;Generic;High;;X
55391;;;1936;1970;1999;;Generic;High;;X
55392;;;1936;1970;1999;;Generic;High;;X
55393;;;1936;1970;1999;;Generic;High;;X
55394;;;1936;1970;1999;;Generic;High;;X
55395;;;1936;1970;1999;;Generic;High;;X
55396;;;1936;1970;1999;;Generic;High;;X
55397;;;1936;1970;1999;;Generic;High;;X
55398;;;1936;1970;1999;;Generic;High;;X
55399;;;1936;1970;1999;;Generic;High;;X
55400;;;1936;1970;1999;;Generic;High;;X
