JAP;Ruling Cabinet - Start;Name;Start Year;End Year;Retirement Year;Ideology;Personality;Loyalty;Picturename;X
;Replacements;;;;;;;;;X
50001;Head of State;Hirohito;1921;1990;1990;PA;Puppet Emperor;High;M5001;X
50002;Head of State;Hirohito;1921;1990;1990;FA;Puppet Emperor;High;M5001;X
50003;Head of State;Hirohito;1921;1990;1990;SD;Puppet Emperor;High;M5001;X
50004;Head of State;Hirohito;1921;1990;1990;ML;Puppet Emperor;High;M5001;X
50005;Head of State;Hirohito;1921;1990;1990;SC;Puppet Emperor;High;M5001;X
50006;Head of Government;Suzuki Kisaburo;1933;1940;1941;SC;Generic;High;M_Suzuki Kisaburo;X
50007;Head of Government;Mitsuchi Chuzo;1933;1949;1949;SC;Generic;High;M_Mitsuchi Chuzo;X
50008;Head of Government;Yoshizawa Kenkichi;1938;1956;1965;SC;Generic;High;M5047;X
50009;Head of Government;Hatoyama Ichiro;1940;1960;1960;SC;Generic;High;M_Hatoyama Ichiro;X
50010;Head of Government;Ashida Hitoshi;1944;1960;1960;ML;Generic;High;M5046;X
50011;Head of Government;Ono Banboku;1946;1965;1965;SC;Generic;High;M_Ono Banboku;X
50012;Head of Government;Kono Ichiro;1955;1966;1966;SC;Generic;High;M_Kono Ichiro;X
50013;Head of Government;Ishii Mitsujiro;1960;1970;1982;SC;Generic;High;M_Ishii Mitsujiro;X
50014;Head of Government;Yoshida Shigeru;1941;1960;1968;SC;Generic;High;M5031;X
50015;Head of Government;Ishibashi Tanzan;1955;1964;1974;ML;Generic;High;M5210;X
50016;Head of Government;Kuhara Fusanosuke;1936;1966;1966;PA;Generic;High;M_Kuhara Fusanosuke;X
50017;Head of Government;Nakajima Chikuhei;1936;1950;1950;PA;Generic;High;M5093;X
50018;Head of Government;Maeda Yonezo;1942;1955;1955;PA;Generic;High;M_Maeda Yonezo;X
50019;Head of Government;Ogata Taketora;1948;1957;1957;SC;Generic;High;M_Ogata Taketora;X
50020;Head of Government;Kawashima Shojiro;1955;1964;1970;PA;Generic;High;M_Kawashima Shojiro;X
50021;Head of Government;Machida Chuji;1933;1970;1999;ML;Generic;High;M5004;X
50022;Head of Government;Saito Takao;1940;1970;1999;PA;Generic;High;M_Saito Takao;X
50023;Head of Government;Miki Bukichi;1942;1970;1999;ML;Generic;High;M_Miki Bukichi;X
50024;Head of Government;Tomabechi Gizo;1950;1970;1999;ML;Generic;High;M_Tomabechi Gizo;X
50025;Head of Government;Matsumura Kenzo;1950;1970;1999;ML;Generic;High;M_Matsumura Kenzo;X
50026;Head of Government;Adachi Kenzo;1936;1970;1999;PA;Generic;High;M_Adachi Kenzo;X
50027;Head of Government;Oasa Tadao;1940;1970;1999;SC;Generic;High;M_Oasa Tadao;X
50028;Head of Government;MIki Takeo;1936;1970;1999;SL;Generic;High;M_MIki Takeo;X
50029;Head of Government;Konoe Fumimaro;1933;1970;1999;PA;Generic;High;M5034;X
50030;Head of Government;Konoe Fumimaro;1933;1970;1999;FA;Generic;High;M5034;X
50031;Head of Government;Kido Koichi;1945;1970;1999;PA;Generic;High;M5108;X
50032;Head of Government;Goto Fumio;1936;1970;1999;PA;Generic;High;9935;X
50033;Head of Government;Kaya Okinori;1945;1970;1999;PA;Generic;High;9693;X
50034;Head of Government;Ishiwata Sotaro;1945;1970;1999;PA;Generic;High;9692;X
50035;Head of Government;Kishi Nobusuke;1945;1970;1999;PA;Generic;High;M_Kishi Nobusuke;X
50036;Head of Government;Fujiyama Aiichiro;1950;1970;1999;PA;Generic;High;M_Fujiyama Aiichiro;X
50037;Head of Government;Shiina Etsusaburo;1955;1970;1999;PA;Generic;High;M_Shiina Etsusaburo;X
50038;Head of Government;Ikeda Hayato;1955;1970;1999;SC;Generic;High;M_Ikeda Hayato;X
50039;Head of Government;Sato Eisaku;1955;1970;1999;SC;Generic;High;M5223;X
50040;Head of Government;Ohira Masayoshi;1960;1970;1999;SC;Generic;High;M_Ohira Masayoshi;X
50041;Head of Government;Fukuda Takeo;1960;1970;1999;SC;Generic;High;M_Fukuda Takeo;X
50042;Head of Government;Maeo Shigesaburo;1960;1970;1999;SC;Generic;High;M_Maeo Shigesaburo;X
50043;Head of Government;Hayashi Senjuro;1933;1970;1999;PA;Generic;High;M5033;X
50044;Head of Government;Tojo Hideki;1940;1970;1999;FA;Razor;High;M5042;X
50045;Head of Government;Koiso Kuniaki;1942;1970;1999;FA;Generic;High;M5043;X
50046;Head of Government;Hata Shunroku;1944;1970;1999;PA;Generic;High;M5189;X
50047;Head of Government;Suzuki Teiichi;1950;1970;1999;PA;Generic;High;L101169;X
50048;Head of Government;Saito Makoto;1933;1970;1999;SC;Generic;High;M_Saito Makoto;X
50049;Head of Government;Okada Keisuke;1933;1970;1999;PA;Generic;High;M5002;X
50050;Head of Government;Yonai Mitsumasa;1936;1970;1999;PA;Generic;High;M5036;X
50051;Head of Government;Takeshi Takarabe;1939;1970;1999;PA;Generic;High;767;X
50052;Head of Government;Abe Nobuyuki;1936;1970;1999;PA;Generic;High;M5035;X
50053;Head of Government;Hiranuma Kiichiro;1933;1970;1999;PA;Generic;High;M5041;X
50054;Head of Government;Ikeda Shigeaki;1936;1970;1999;PA;Generic;High;9694;X
50055;Head of Government;Suzuki Kantaro;1940;1970;1999;PA;Generic;High;M5037;X
50056;Head of Government;Higashikuni Naruhiko;1939;1970;1999;PA;Generic;High;M5038;X
50057;Head of Government;Honjo Shigeru;1940;1970;1999;FA;Generic;High;M_Honjo Shigeru;X
50058;Head of Government;Shigemitsu Mamoru;1950;1970;1999;PA;Generic;High;M5050;X
50059;Head of Government;Suzuki Mosaburo;1945;1970;1999;LWR;Generic;High;M_Suzuki Mosaburo;X
50060;Head of Government;Wada Hiroo;1950;1970;1999;LWR;Generic;High;M_Wada Hiroo;X
50061;Head of Government;Matsumoto Jiichiro;1945;1970;1999;SD;Generic;High;M_Matsumoto Jiichiro;X
50062;Head of Government;Asanuma Inejiro;1950;1970;1999;SD;Generic;High;M_Asanuma Inejiro;X
50063;Head of Government;Kawakami Jotaro;1950;1970;1999;SD;Generic;High;M_Kawakami Jotaro;X
50064;Head of Government;Katayama Tetsu;1940;1970;1999;SD;Generic;High;M5027;X
50065;Head of Government;Nishio Suehiro;1940;1970;1999;SD;Generic;High;M5214;X
50066;Head of Government;Eda Saburo;1960;1970;1999;PA;Generic;High;M_Eda Saburo;X
50067;Head of Government;Miyamoto Kenji;1940;1970;1999;LE;Generic;High;M5012;X
50068;Head of Government;Tokuda Kyuichi;1940;1970;1999;LE;Generic;High;M5014;X
50069;Head of Government;Nosaka Sanzo;1936;1970;1999;LE;Generic;High;M5011;X
50070;Head of Government;Katsu Masanori;1936;1970;1999;SC;Generic;High;M_Katsu Masanori;X
50071;Head of State;Arahata Kanson;1940;1970;1999;LE;Generic;High;M_Arahata Kanson;X
50072;;;1936;1970;1999;;Generic;High;;X
50073;;;1936;1970;1999;;Generic;High;;X
50074;;;1936;1970;1999;;Generic;High;;X
50075;;;1936;1970;1999;;Generic;High;;X
50076;;;1936;1970;1999;;Generic;High;;X
50077;;;1936;1970;1999;;Generic;High;;X
50078;;;1936;1970;1999;;Generic;High;;X
50079;;;1936;1970;1999;;Generic;High;;X
50080;;;1936;1970;1999;;Generic;High;;X
50081;;;1936;1970;1999;;Generic;High;;X
50082;;;1936;1970;1999;;Generic;High;;X
50083;;;1936;1970;1999;;Generic;High;;X
50084;;;1936;1970;1999;;Generic;High;;X
50085;;;1936;1970;1999;;Generic;High;;X
50086;;;1936;1970;1999;;Generic;High;;X
50087;;;1936;1970;1999;;Generic;High;;X
50088;;;1936;1970;1999;;Generic;High;;X
50089;;;1936;1970;1999;;Generic;High;;X
50090;;;1936;1970;1999;;Generic;High;;X
50091;;;1936;1970;1999;;Generic;High;;X
50092;;;1936;1970;1999;;Generic;High;;X
50093;;;1936;1970;1999;;Generic;High;;X
50094;;;1936;1970;1999;;Generic;High;;X
50095;;;1936;1970;1999;;Generic;High;;X
50096;;;1936;1970;1999;;Generic;High;;X
50097;;;1936;1970;1999;;Generic;High;;X
50098;;;1936;1970;1999;;Generic;High;;X
50099;;;1936;1970;1999;;Generic;High;;X
50100;;;1936;1970;1999;;Generic;High;;X
50101;;;1936;1970;1999;;Generic;High;;X
50102;;;1936;1970;1999;;Generic;High;;X
50103;;;1936;1970;1999;;Generic;High;;X
50104;;;1936;1970;1999;;Generic;High;;X
50105;;;1936;1970;1999;;Generic;High;;X
50106;;;1936;1970;1999;;Generic;High;;X
50107;;;1936;1970;1999;;Generic;High;;X
50108;;;1936;1970;1999;;Generic;High;;X
50109;;;1936;1970;1999;;Generic;High;;X
50110;;;1936;1970;1999;;Generic;High;;X
50111;;;1936;1970;1999;;Generic;High;;X
50112;;;1936;1970;1999;;Generic;High;;X
50113;;;1936;1970;1999;;Generic;High;;X
50114;;;1936;1970;1999;;Generic;High;;X
50115;;;1936;1970;1999;;Generic;High;;X
50116;;;1936;1970;1999;;Generic;High;;X
50117;;;1936;1970;1999;;Generic;High;;X
50118;;;1936;1970;1999;;Generic;High;;X
50119;;;1936;1970;1999;;Generic;High;;X
50120;;;1936;1970;1999;;Generic;High;;X
50121;;;1936;1970;1999;;Generic;High;;X
50122;;;1936;1970;1999;;Generic;High;;X
50123;;;1936;1970;1999;;Generic;High;;X
50124;;;1936;1970;1999;;Generic;High;;X
50125;;;1936;1970;1999;;Generic;High;;X
50126;;;1936;1970;1999;;Generic;High;;X
50127;;;1936;1970;1999;;Generic;High;;X
50128;;;1936;1970;1999;;Generic;High;;X
50129;;;1936;1970;1999;;Generic;High;;X
50130;;;1936;1970;1999;;Generic;High;;X
50131;;;1936;1970;1999;;Generic;High;;X
50132;;;1936;1970;1999;;Generic;High;;X
50133;;;1936;1970;1999;;Generic;High;;X
50134;;;1936;1970;1999;;Generic;High;;X
50135;;;1936;1970;1999;;Generic;High;;X
50136;;;1936;1970;1999;;Generic;High;;X
50137;;;1936;1970;1999;;Generic;High;;X
50138;;;1936;1970;1999;;Generic;High;;X
50139;;;1936;1970;1999;;Generic;High;;X
50140;;;1936;1970;1999;;Generic;High;;X
50141;;;1936;1970;1999;;Generic;High;;X
50142;;;1936;1970;1999;;Generic;High;;X
50143;;;1936;1970;1999;;Generic;High;;X
50144;;;1936;1970;1999;;Generic;High;;X
50145;;;1936;1970;1999;;Generic;High;;X
50146;;;1936;1970;1999;;Generic;High;;X
50147;;;1936;1970;1999;;Generic;High;;X
50148;;;1936;1970;1999;;Generic;High;;X
50149;;;1936;1970;1999;;Generic;High;;X
50150;;;1936;1970;1999;;Generic;High;;X
50151;;;1936;1970;1999;;Generic;High;;X
50152;;;1936;1970;1999;;Generic;High;;X
50153;;;1936;1970;1999;;Generic;High;;X
50154;;;1936;1970;1999;;Generic;High;;X
50155;;;1936;1970;1999;;Generic;High;;X
50156;;;1936;1970;1999;;Generic;High;;X
50157;;;1936;1970;1999;;Generic;High;;X
50158;;;1936;1970;1999;;Generic;High;;X
50159;;;1936;1970;1999;;Generic;High;;X
50160;;;1936;1970;1999;;Generic;High;;X
50161;;;1936;1970;1999;;Generic;High;;X
50162;;;1936;1970;1999;;Generic;High;;X
50163;;;1936;1970;1999;;Generic;High;;X
50164;;;1936;1970;1999;;Generic;High;;X
50165;;;1936;1970;1999;;Generic;High;;X
50166;;;1936;1970;1999;;Generic;High;;X
50167;;;1936;1970;1999;;Generic;High;;X
50168;;;1936;1970;1999;;Generic;High;;X
50169;;;1936;1970;1999;;Generic;High;;X
50170;;;1936;1970;1999;;Generic;High;;X
50171;;;1936;1970;1999;;Generic;High;;X
50172;;;1936;1970;1999;;Generic;High;;X
50173;;;1936;1970;1999;;Generic;High;;X
50174;;;1936;1970;1999;;Generic;High;;X
50175;;;1936;1970;1999;;Generic;High;;X
50176;;;1936;1970;1999;;Generic;High;;X
50177;;;1936;1970;1999;;Generic;High;;X
50178;;;1936;1970;1999;;Generic;High;;X
50179;;;1936;1970;1999;;Generic;High;;X
50180;;;1936;1970;1999;;Generic;High;;X
50181;;;1936;1970;1999;;Generic;High;;X
50182;;;1936;1970;1999;;Generic;High;;X
50183;;;1936;1970;1999;;Generic;High;;X
50184;;;1936;1970;1999;;Generic;High;;X
50185;;;1936;1970;1999;;Generic;High;;X
50186;;;1936;1970;1999;;Generic;High;;X
50187;;;1936;1970;1999;;Generic;High;;X
50188;;;1936;1970;1999;;Generic;High;;X
50189;;;1936;1970;1999;;Generic;High;;X
50190;;;1936;1970;1999;;Generic;High;;X
50191;;;1936;1970;1999;;Generic;High;;X
50192;;;1936;1970;1999;;Generic;High;;X
50193;;;1936;1970;1999;;Generic;High;;X
50194;;;1936;1970;1999;;Generic;High;;X
50195;;;1936;1970;1999;;Generic;High;;X
50196;;;1936;1970;1999;;Generic;High;;X
50197;;;1936;1970;1999;;Generic;High;;X
50198;;;1936;1970;1999;;Generic;High;;X
50199;;;1936;1970;1999;;Generic;High;;X
50200;;;1936;1970;1999;;Generic;High;;X
50201;;;1936;1970;1999;;Generic;High;;X
50202;;;1936;1970;1999;;Generic;High;;X
50203;;;1936;1970;1999;;Generic;High;;X
50204;;;1936;1970;1999;;Generic;High;;X
50205;;;1936;1970;1999;;Generic;High;;X
50206;;;1936;1970;1999;;Generic;High;;X
50207;;;1936;1970;1999;;Generic;High;;X
50208;;;1936;1970;1999;;Generic;High;;X
50209;;;1936;1970;1999;;Generic;High;;X
50210;;;1936;1970;1999;;Generic;High;;X
50211;;;1936;1970;1999;;Generic;High;;X
50212;;;1936;1970;1999;;Generic;High;;X
50213;;;1936;1970;1999;;Generic;High;;X
50214;;;1936;1970;1999;;Generic;High;;X
50215;;;1936;1970;1999;;Generic;High;;X
50216;;;1936;1970;1999;;Generic;High;;X
50217;;;1936;1970;1999;;Generic;High;;X
50218;;;1936;1970;1999;;Generic;High;;X
50219;;;1936;1970;1999;;Generic;High;;X
50220;;;1936;1970;1999;;Generic;High;;X
50221;;;1936;1970;1999;;Generic;High;;X
50222;;;1936;1970;1999;;Generic;High;;X
